Runtime (s),Global Error,nprocs
126.951661,0.005559,1
15.463419,0.097848,8
11.481844,0.098015,50
